transaction_id,customer_id,amount,merchant_category,transaction_hour,country,num_transactions_today,account_age_days,is_new_device,is_fraud
1,1102,176.64,grocery,12,IN,2,1367,0,0
2,1179,166.23,online,21,US,1,2868,0,0
3,1092,95.21,electronics,20,NG,19,2723,0,1
4,1014,82.33,travel,22,IN,4,99,0,0
5,1106,459.81,grocery,18,IN,2,1367,0,0
6,1071,187.07,grocery,2,IN,14,208,0,0
7,1188,56.04,grocery,9,US,2,547,0,0
8,1020,137.93,travel,1,IN,15,310,0,0
9,1102,80.2,travel,12,IN,12,733,0,0
10,1121,542.69,gas,18,US,5,1608,0,0
11,1074,1.51,electronics,16,US,7,1469,0,0
12,1087,51.06,gas,20,IN,10,77,0,0
13,1116,90.94,electronics,13,US,14,2516,0,0
14,1099,133.81,travel,11,IN,14,1547,0,0
15,1103,380.52,travel,20,IN,5,407,0,0
16,1151,18.4,gas,11,UK,18,629,1,0
17,1130,327.84,online,10,US,14,1594,1,0
18,1149,11.45,gas,6,IN,2,1173,0,0
19,1052,369.43,electronics,3,IN,12,739,0,0
20,1001,10.6,gas,18,IN,6,565,0,0
21,1087,3.68,grocery,0,IN,4,1962,1,0
22,1157,238.78,electronics,23,IN,13,2838,0,0
23,1037,1179.63,electronics,2,IN,4,1761,0,1
24,1129,453.85,online,12,IN,14,2951,0,0
25,1191,171.6,travel,14,US,16,2667,0,0
26,1187,498.74,electronics,1,US,4,2805,1,0
27,1020,1.06,travel,10,US,1,2339,0,0
28,1160,738.31,gas,3,IN,13,2718,0,0
29,1057,134.96,grocery,18,RU,4,2981,1,1
30,1021,256.67,online,16,UK,18,1005,0,0
31,1088,343.92,travel,2,UK,6,1969,0,0
32,1048,253.49,electronics,17,UK,3,1611,0,0
33,1058,153.16,travel,7,NG,13,2803,1,1
34,1169,129.49,electronics,21,IN,16,1490,0,0
35,1187,364.75,travel,23,IN,5,2144,0,0
36,1014,45.9,electronics,18,US,4,1112,0,0
37,1189,688.37,gas,4,US,8,2848,0,0
38,1189,248.23,electronics,6,US,19,2361,0,0
39,1174,44.51,electronics,20,IN,14,1413,0,0
40,1189,266.55,grocery,7,IN,7,2187,0,0
41,1050,150.94,electronics,4,IN,14,2653,1,0
42,1107,245.67,grocery,16,NG,6,1309,0,0
43,1054,292.01,online,4,IN,12,1732,0,0
44,1063,18.27,grocery,3,IN,16,2615,0,0
45,1130,141.09,gas,21,IN,17,908,0,0
46,1050,537.69,grocery,18,IN,13,1216,1,0
47,1134,77.32,online,20,UK,14,1545,0,0
48,1020,180.22,gas,1,US,7,87,0,0
49,1072,92.16,travel,10,US,14,2841,0,0
50,1166,121.13,travel,21,IN,15,2731,0,0
51,1017,159.08,grocery,12,US,12,1542,0,0
52,1131,159.22,grocery,14,IN,17,247,0,0
53,1088,45.06,online,11,US,9,1167,0,0
54,1059,230.76,online,21,IN,15,2006,0,0
55,1013,18.39,electronics,20,IN,12,1225,0,0
56,1008,29.89,online,21,US,2,287,0,0
57,1089,0.54,electronics,10,NG,5,533,1,1
58,1052,24.82,gas,6,IN,13,189,0,0
59,1129,128.17,grocery,4,UK,8,132,0,0
60,1083,186.33,gas,16,IN,14,1279,0,0
61,1091,316.26,online,23,IN,15,1767,0,0
62,1110,22.57,gas,19,IN,11,1104,0,0
63,1187,380.4,gas,8,IN,1,489,1,0
64,1198,274.06,gas,13,IN,3,1807,0,0
65,1171,105.02,online,11,IN,17,2141,1,0
66,1007,540.43,gas,5,IN,19,2622,0,0
67,1174,940.55,electronics,16,NG,14,2676,0,1
68,1034,45.88,online,18,IN,8,2414,1,0
69,1080,95.36,gas,18,US,13,825,0,0
70,1163,521.96,online,15,IN,3,2704,1,0
71,1049,255.74,travel,11,US,5,452,0,0
72,1103,9.86,electronics,11,IN,9,2580,1,0
73,1131,304.21,gas,19,IN,6,152,0,0
74,1001,351.98,travel,5,IN,2,201,0,0
75,1133,277.66,travel,22,IN,13,1420,0,0
76,1053,321.43,online,3,IN,5,387,0,0
77,1105,348.75,travel,5,US,8,2638,0,0
78,1003,41.26,electronics,10,UK,1,544,0,0
79,1053,53.76,electronics,0,UK,12,1726,0,0
80,1190,200.89,grocery,23,US,11,1042,0,0
81,1145,476.9,electronics,22,IN,7,1420,0,0
82,1043,76.02,travel,14,IN,15,2150,0,0
83,1161,177.5,electronics,10,IN,11,1999,0,0
84,1189,229.76,online,18,IN,16,2586,0,0
85,1013,120.28,grocery,17,IN,3,1187,0,0
86,1094,250.2,travel,16,IN,14,414,0,0
87,1047,459.85,grocery,18,IN,3,2897,0,0
88,1014,195.69,travel,20,IN,1,1182,1,0
89,1199,155.21,online,13,UK,15,898,1,0
90,1189,115.52,grocery,17,US,1,431,0,0
91,1039,172.31,gas,18,IN,17,1651,0,0
92,1081,87.81,travel,14,NG,2,481,0,0
93,1110,99.35,gas,14,RU,6,2950,0,0
94,1052,151.8,grocery,3,IN,8,556,0,0
95,1023,13.79,gas,6,IN,16,640,0,0
96,1153,52.02,gas,12,IN,19,1047,0,0
97,1187,156.55,grocery,2,NG,1,2835,0,1
98,1123,112.96,online,15,UK,3,1839,0,0
99,1040,80.94,gas,8,IN,3,373,1,0
100,1156,262.27,gas,7,IN,5,2176,0,0
101,1014,236.65,online,19,IN,12,555,1,0
102,1044,36.48,gas,12,IN,12,2579,1,0
103,1064,421.78,gas,16,IN,13,643,0,0
104,1088,136.81,gas,16,UK,9,1946,0,0
105,1070,270.54,electronics,16,US,7,1690,0,0
106,1008,170.26,online,0,UK,4,972,1,0
107,1087,1214.33,gas,7,UK,19,892,1,1
108,1128,279.19,online,18,US,19,2837,0,0
109,1135,245.5,travel,5,IN,6,880,0,0
110,1062,301.53,travel,2,US,13,525,0,0
111,1138,30.89,gas,4,IN,11,2995,0,0
112,1080,45.77,online,12,US,13,1430,0,0
113,1135,250.4,online,14,IN,13,875,1,0
114,1162,136.24,online,13,US,15,2163,0,0
115,1162,281.0,electronics,22,IN,13,1118,0,0
116,1032,21.72,travel,15,IN,11,223,0,0
117,1122,153.78,online,17,IN,19,2907,0,0
118,1004,95.23,online,21,IN,8,2254,0,0
119,1040,122.13,electronics,21,US,8,28,0,0
120,1027,185.25,electronics,10,US,10,651,1,0
121,1134,139.55,online,2,IN,16,1114,1,1
122,1071,155.25,grocery,21,IN,19,339,0,0
123,1011,133.25,online,9,IN,11,875,1,0
124,1161,105.17,online,9,IN,13,783,0,0
125,1032,295.58,electronics,20,IN,9,401,0,0
126,1047,2.46,electronics,15,UK,19,646,0,0
127,1150,182.48,online,11,IN,16,2364,0,0
128,1061,166.72,online,1,IN,7,2952,1,0
129,1036,251.88,online,8,IN,19,2709,0,0
130,1098,182.77,electronics,23,IN,12,2898,0,0
131,1171,350.66,online,2,IN,15,1035,0,0
132,1103,639.2,online,23,US,14,2577,0,0
133,1034,83.87,gas,14,IN,11,1684,0,0
134,1192,51.59,grocery,2,IN,10,2693,0,0
135,1100,110.19,travel,18,IN,11,749,0,0
136,1174,67.92,grocery,17,IN,6,1555,0,0
137,1130,190.88,gas,7,IN,2,478,1,0
138,1000,485.75,travel,16,RU,11,2269,0,0
139,1004,29.96,online,7,US,19,1145,0,0
140,1141,21.25,gas,6,IN,6,1041,0,0
141,1102,59.15,online,6,IN,14,2861,0,0
142,1026,259.0,electronics,2,IN,6,2534,0,0
143,1136,179.77,gas,0,IN,17,883,0,0
144,1014,21.56,electronics,3,US,10,469,1,0
145,1089,502.05,gas,4,US,1,2310,0,0
146,1041,312.21,gas,0,IN,3,1559,1,0
147,1123,4.66,electronics,14,IN,8,761,1,0
148,1178,210.75,travel,4,IN,8,1471,0,0
149,1062,295.02,grocery,12,UK,15,1787,0,0
150,1095,93.82,online,7,US,7,863,0,0
151,1051,14.28,gas,7,IN,11,2293,1,0
152,1095,16.09,online,4,IN,7,1339,1,0
153,1131,22.02,electronics,8,US,4,487,0,0
154,1150,367.07,online,0,IN,12,2736,0,0
155,1142,483.12,electronics,3,IN,6,2273,0,0
156,1170,26.21,online,2,IN,14,2912,1,0
157,1028,53.81,grocery,1,US,12,144,1,0
158,1035,36.19,grocery,7,IN,11,2962,0,0
159,1012,41.24,grocery,22,IN,19,1162,0,0
160,1159,363.4,grocery,8,UK,5,419,0,0
161,1070,80.74,grocery,1,IN,14,1455,0,0
162,1186,74.63,grocery,13,IN,16,1327,1,0
163,1085,51.6,electronics,13,IN,13,1279,0,0
164,1027,187.24,gas,3,IN,4,1589,0,0
165,1065,95.38,online,5,US,11,95,0,0
166,1169,272.71,grocery,10,IN,17,2613,1,0
167,1044,46.03,electronics,2,IN,7,1875,0,0
168,1061,310.04,electronics,7,IN,14,1479,0,0
169,1184,185.13,electronics,2,US,11,387,0,0
170,1133,24.27,gas,13,US,9,1690,1,0
171,1027,107.06,online,12,IN,13,1084,1,0
172,1027,398.31,gas,12,IN,18,251,0,0
173,1107,512.69,travel,1,US,11,929,0,0
174,1043,125.36,electronics,12,IN,15,1596,0,0
175,1083,131.11,travel,18,UK,19,2323,0,0
176,1029,501.32,grocery,5,UK,1,2769,0,0
177,1189,176.89,grocery,15,UK,4,1281,1,0
178,1074,6.68,gas,1,IN,14,79,0,0
179,1127,487.79,online,7,IN,14,2114,1,0
180,1091,57.06,travel,16,US,3,1415,0,0
181,1189,172.38,online,22,IN,17,2096,0,0
182,1128,36.19,gas,1,IN,3,2017,0,0
183,1120,6.89,grocery,9,UK,16,810,0,0
184,1026,74.64,online,15,UK,14,1051,0,0
185,1189,303.28,online,5,IN,13,2789,0,0
186,1120,65.03,grocery,1,IN,15,834,0,0
187,1115,49.72,travel,1,IN,14,765,0,0
188,1002,47.82,grocery,12,UK,19,2409,0,0
189,1102,144.79,online,23,NG,6,2005,1,1
190,1197,742.15,travel,14,IN,10,1849,0,0
191,1199,122.86,travel,1,IN,15,1331,1,0
192,1154,162.98,grocery,6,UK,6,2340,0,0
193,1136,394.13,online,2,IN,10,1619,0,0
194,1061,153.17,gas,7,IN,7,119,0,0
195,1164,40.78,online,22,RU,17,1026,1,1
196,1050,71.22,electronics,13,IN,18,1971,0,0
197,1171,74.19,gas,23,US,17,2601,0,0
198,1151,101.27,travel,22,IN,9,1779,0,0
199,1058,111.3,gas,21,IN,10,34,0,0
200,1117,321.67,travel,6,UK,10,852,0,0
201,1159,85.97,travel,20,IN,7,2848,0,0
202,1095,126.31,gas,6,RU,16,747,0,1
203,1179,196.15,travel,0,IN,18,2114,1,1
204,1112,94.87,travel,16,IN,6,189,0,0
205,1061,362.27,electronics,8,IN,1,241,0,0
206,1185,177.08,online,20,IN,1,1927,0,0
207,1051,69.64,online,12,IN,12,352,0,0
208,1011,250.39,electronics,20,IN,2,486,0,0
209,1038,150.01,gas,18,IN,4,1832,0,0
210,1129,152.91,grocery,20,IN,17,2633,1,0
211,1130,131.2,grocery,18,US,4,464,1,0
212,1112,137.44,grocery,21,US,11,1265,1,0
213,1100,289.94,electronics,16,US,4,298,0,0
214,1112,21.74,electronics,22,IN,1,1246,0,0
215,1183,81.4,travel,22,IN,7,2315,0,0
216,1080,15.7,grocery,9,US,18,539,0,0
217,1186,279.87,gas,9,IN,9,2744,0,0
218,1112,63.57,gas,3,IN,3,2986,0,0
219,1001,455.44,grocery,7,UK,8,2286,0,0
220,1129,149.55,grocery,21,US,19,605,0,0
221,1053,322.64,grocery,19,IN,4,444,0,0
222,1086,771.99,electronics,19,IN,18,891,0,0
223,1128,366.25,electronics,17,US,11,1791,0,0
224,1146,403.47,electronics,13,IN,14,411,0,0
225,1125,104.84,online,17,US,18,2679,0,0
226,1129,160.47,gas,13,US,16,2145,0,0
227,1052,58.58,gas,19,UK,3,2641,1,0
228,1171,43.66,travel,20,IN,15,1575,0,0
229,1159,140.84,electronics,23,IN,4,318,0,0
230,1197,180.8,online,14,US,5,2963,0,0
231,1159,82.88,online,21,US,17,352,0,0
232,1067,168.54,gas,3,US,7,445,1,0
233,1182,436.89,electronics,12,IN,16,186,0,0
234,1183,162.71,travel,22,IN,14,148,0,0
235,1122,255.17,electronics,7,UK,16,203,1,0
236,1144,327.27,grocery,17,US,7,1194,0,0
237,1037,897.1,electronics,11,NG,9,952,0,1
238,1023,184.86,grocery,22,US,4,534,0,0
239,1068,328.86,grocery,13,IN,11,1634,0,0
240,1115,657.48,travel,1,US,2,2972,0,0
241,1097,577.95,gas,17,UK,12,2267,0,0
242,1197,30.42,electronics,23,IN,12,750,1,0
243,1138,104.31,grocery,1,US,4,871,0,0
244,1143,78.31,electronics,10,IN,18,963,0,0
245,1096,18.19,gas,8,IN,7,1312,0,0
246,1123,200.61,gas,11,US,1,1284,1,0
247,1186,266.29,online,16,IN,13,1753,1,0
248,1069,376.94,gas,14,IN,6,2890,0,0
249,1092,26.2,travel,16,IN,6,2197,0,0
250,1002,418.21,grocery,17,IN,12,801,0,0
251,1147,205.96,online,21,IN,8,555,0,0
252,1186,243.44,travel,5,IN,19,1854,0,0
253,1163,482.98,electronics,16,NG,5,1026,0,0
254,1146,196.04,grocery,22,IN,18,1937,0,0
255,1089,81.85,gas,23,IN,5,1563,1,0
256,1194,348.72,grocery,17,IN,10,66,0,0
257,1146,90.22,electronics,7,US,1,2169,1,0
258,1147,6.97,online,8,IN,10,14,0,0
259,1095,355.16,online,5,UK,5,1447,0,0
260,1198,84.68,online,4,US,12,1372,0,0
261,1051,297.3,gas,11,US,7,1830,0,0
262,1160,90.12,travel,10,IN,9,1292,0,0
263,1167,394.75,travel,0,US,12,2147,0,0
264,1127,49.57,grocery,10,IN,1,2673,0,0
265,1038,734.19,gas,18,NG,11,2948,0,0
266,1081,302.61,online,8,US,15,2755,0,0
267,1103,24.26,online,1,IN,2,1283,0,0
268,1128,166.84,electronics,11,IN,7,2955,0,0
269,1010,844.9,electronics,3,IN,12,1141,0,1
270,1184,127.38,online,3,US,18,677,1,1
271,1177,40.2,online,17,IN,3,2651,0,0
272,1150,132.63,gas,14,IN,7,2646,0,0
273,1158,143.68,travel,18,IN,11,2542,0,0
274,1041,270.72,electronics,12,US,18,1291,0,0
275,1098,240.03,travel,18,UK,12,2696,1,0
276,1006,103.02,gas,16,US,6,1006,0,0
277,1143,49.19,online,5,US,5,1936,0,0
278,1089,207.16,travel,15,IN,1,291,0,0
279,1111,109.53,online,23,IN,12,1237,0,0
280,1059,28.38,online,11,US,11,2073,1,0
281,1112,461.66,grocery,18,IN,4,945,0,0
282,1001,235.03,travel,4,IN,18,263,0,0
283,1128,229.89,travel,16,IN,4,1221,0,0
284,1047,345.85,online,22,IN,17,338,0,0
285,1139,150.86,gas,0,IN,2,2601,0,0
286,1196,337.54,grocery,23,UK,2,2840,0,0
287,1036,137.87,online,22,IN,12,1430,0,0
288,1159,13.91,electronics,9,IN,6,1550,1,0
289,1008,103.92,electronics,14,IN,10,2902,0,0
290,1098,137.62,grocery,22,US,16,1202,0,0
291,1146,254.74,gas,20,IN,14,1726,0,0
292,1047,22.54,online,20,UK,7,2423,1,0
293,1130,30.17,travel,10,UK,19,1211,0,0
294,1147,61.22,grocery,12,IN,17,664,0,0
295,1151,61.99,gas,4,NG,9,1395,0,1
296,1053,263.49,travel,0,RU,13,769,0,1
297,1119,57.73,electronics,23,UK,5,2696,0,0
298,1160,200.53,electronics,11,UK,5,1808,0,0
299,1151,136.35,travel,10,IN,10,1073,0,0
300,1115,170.33,grocery,16,IN,10,2981,0,0
301,1074,364.16,electronics,3,IN,7,425,0,0
302,1112,103.63,online,14,IN,15,264,1,0
303,1199,294.73,travel,8,RU,7,1176,1,1
304,1163,109.65,travel,20,IN,15,1886,0,0
305,1165,87.35,electronics,19,US,3,2767,0,0
306,1103,637.03,grocery,18,UK,19,2634,0,0
307,1083,40.76,online,18,UK,10,909,0,0
308,1111,18.94,grocery,11,RU,15,2068,1,1
309,1098,294.79,gas,4,IN,3,35,0,0
310,1152,14.14,gas,9,IN,6,430,0,0
311,1092,362.9,electronics,16,IN,12,1254,0,0
312,1145,114.96,electronics,4,IN,15,1886,0,0
313,1127,494.23,electronics,21,IN,6,2553,0,0
314,1109,255.69,gas,15,IN,13,1270,0,0
315,1081,188.53,grocery,6,US,19,2294,0,0
316,1193,596.39,grocery,8,IN,3,1018,0,0
317,1053,101.05,electronics,2,IN,8,228,0,0
318,1162,616.2,online,14,US,8,1520,1,0
319,1188,29.01,grocery,15,IN,15,1969,0,0
320,1168,132.23,gas,17,IN,4,2518,1,0
321,1160,62.92,travel,13,US,19,672,0,0
322,1067,155.24,travel,2,US,3,2692,0,0
323,1032,35.35,travel,11,US,13,999,0,0
324,1141,368.44,online,8,IN,8,198,1,0
325,1020,374.69,electronics,6,UK,16,264,1,0
326,1047,621.27,gas,8,US,13,77,0,0
327,1147,33.61,online,12,IN,3,625,1,0
328,1127,195.28,gas,17,US,16,2393,1,0
329,1135,128.58,gas,4,UK,9,2728,0,0
330,1134,84.44,electronics,12,IN,14,2878,0,0
331,1194,86.63,travel,3,IN,13,883,1,0
332,1144,106.48,electronics,1,RU,7,2357,1,1
333,1127,244.11,online,15,US,15,1635,0,0
334,1032,182.4,online,8,IN,7,366,1,0
335,1175,123.12,online,8,US,6,265,0,0
336,1186,15.79,electronics,5,IN,2,1017,0,0
337,1114,16.19,gas,10,IN,9,2410,0,0
338,1118,0.47,gas,21,IN,17,1765,0,0
339,1021,686.53,grocery,23,NG,5,2581,0,0
340,1157,1.05,online,21,NG,12,2813,0,0
341,1037,21.76,gas,0,IN,1,293,1,0
342,1108,75.55,grocery,3,IN,10,108,0,0
343,1050,329.46,gas,12,IN,11,206,0,0
344,1181,654.55,online,22,RU,16,2539,0,1
345,1007,312.14,travel,12,RU,14,887,0,0
346,1026,234.6,online,12,US,8,1878,1,0
347,1026,147.34,electronics,1,UK,17,2672,0,0
348,1020,18.14,gas,8,US,18,2675,1,0
349,1029,634.83,gas,23,IN,12,1398,0,0
350,1096,284.09,electronics,7,IN,17,2425,0,0
351,1027,203.75,electronics,6,IN,14,579,0,0
352,1110,284.62,travel,3,US,16,2647,0,0
353,1191,257.55,gas,17,US,14,1075,0,0
354,1196,202.8,gas,2,IN,9,431,0,0
355,1060,788.26,travel,5,NG,4,2893,0,0
356,1047,467.36,grocery,11,IN,11,1214,0,0
357,1146,208.07,travel,11,IN,6,554,0,0
358,1003,236.3,online,20,US,15,80,0,0
359,1034,10.59,gas,7,US,5,1233,0,0
360,1191,221.68,electronics,21,US,11,777,0,0
361,1048,9.03,online,21,IN,18,2364,1,0
362,1016,177.47,gas,0,IN,13,1716,0,0
363,1171,1468.79,travel,3,US,11,2434,0,1
364,1157,162.3,online,20,IN,14,664,1,0
365,1045,128.19,gas,10,IN,18,2735,0,0
366,1116,75.04,grocery,2,US,19,2456,0,0
367,1005,25.69,grocery,12,IN,15,1806,0,0
368,1098,262.63,electronics,16,US,9,230,0,0
369,1123,42.79,gas,21,UK,8,191,1,0
370,1036,24.5,grocery,21,IN,1,316,1,0
371,1023,109.55,travel,9,IN,4,2579,1,0
372,1092,317.28,gas,20,US,14,1429,0,0
373,1045,273.35,travel,11,US,2,1023,0,0
374,1180,11.29,travel,14,US,16,2061,0,0
375,1094,121.45,grocery,20,UK,3,2920,0,0
376,1098,147.81,gas,9,UK,8,857,0,0
377,1187,206.87,online,13,RU,6,813,0,0
378,1115,210.06,grocery,12,IN,16,224,0,0
379,1190,90.73,grocery,4,IN,16,1453,0,0
380,1159,164.5,gas,5,IN,7,110,1,0
381,1160,131.19,gas,23,IN,13,582,1,0
382,1066,432.56,travel,1,IN,13,1342,0,0
383,1127,151.12,gas,21,IN,5,667,0,0
384,1017,116.33,travel,16,NG,18,2996,0,1
385,1024,103.67,grocery,3,IN,15,1543,1,0
386,1053,169.93,electronics,13,IN,18,1666,0,0
387,1057,325.9,online,9,IN,2,235,0,0
388,1066,154.61,grocery,2,IN,10,114,0,0
389,1103,216.74,gas,2,IN,13,2007,0,0
390,1173,267.77,online,14,IN,18,781,0,0
391,1023,146.86,electronics,5,IN,15,438,0,0
392,1113,111.31,electronics,16,US,12,443,0,0
393,1031,418.57,travel,11,UK,15,1240,0,0
394,1174,108.09,online,21,UK,13,2739,0,0
395,1085,123.96,travel,19,US,18,2645,0,0
396,1150,927.98,grocery,23,IN,15,875,1,1
397,1193,0.05,online,10,UK,11,2803,0,0
398,1126,41.03,grocery,3,UK,19,2921,1,1
399,1154,96.89,travel,5,IN,3,2425,0,0
400,1129,539.39,online,0,US,7,260,0,0
401,1016,14.52,travel,19,IN,14,2916,0,0
402,1103,1.91,online,22,UK,14,865,0,0
403,1160,10.82,travel,15,RU,13,1203,0,0
404,1136,18.54,electronics,14,IN,12,570,0,0
405,1042,7.66,travel,16,UK,9,1479,0,0
406,1175,130.7,electronics,7,US,1,2351,0,0
407,1038,173.86,travel,11,RU,19,928,1,1
408,1169,63.4,online,21,IN,11,1183,1,0
409,1025,101.6,online,20,UK,19,442,0,0
410,1098,19.24,online,9,IN,18,2116,1,0
411,1049,82.01,gas,14,IN,12,978,0,0
412,1152,147.85,grocery,8,IN,1,845,0,0
413,1151,263.56,online,1,RU,19,2256,1,1
414,1012,0.67,electronics,4,UK,17,2272,0,0
415,1059,125.96,online,5,UK,5,907,0,0
416,1134,70.48,gas,6,NG,3,481,0,0
417,1056,383.22,electronics,20,IN,2,256,1,0
418,1035,251.44,gas,0,IN,3,2439,1,0
419,1172,177.89,electronics,22,IN,8,1000,0,0
420,1019,64.94,travel,6,IN,16,936,0,0
421,1064,482.34,grocery,19,IN,6,1201,0,0
422,1007,9.23,grocery,11,IN,13,2617,0,0
423,1143,23.19,gas,15,IN,16,1084,0,0
424,1141,99.39,grocery,15,IN,16,1844,0,0
425,1114,26.58,gas,10,IN,3,698,0,0
426,1142,626.61,gas,20,IN,13,2437,0,0
427,1091,319.89,gas,3,RU,14,2531,0,1
428,1097,59.95,grocery,12,US,8,2754,0,0
429,1065,177.62,gas,6,RU,12,1494,1,1
430,1031,807.18,grocery,3,IN,8,2968,0,1
431,1190,431.18,gas,14,IN,9,969,0,0
432,1085,183.66,online,18,US,1,487,0,0
433,1050,468.11,gas,8,IN,6,2983,0,0
434,1152,905.36,electronics,10,IN,19,716,0,1
435,1185,272.01,gas,7,IN,11,2911,0,0
436,1062,13.44,travel,0,IN,11,1147,0,0
437,1189,102.69,gas,22,IN,13,763,0,0
438,1124,363.82,electronics,23,IN,11,2560,0,0
439,1149,52.42,electronics,7,US,18,1669,0,0
440,1057,355.15,grocery,12,IN,15,2874,1,0
441,1057,25.64,online,21,IN,1,597,0,0
442,1085,9.62,gas,3,UK,7,1344,0,0
443,1048,96.93,grocery,7,IN,13,1502,0,0
444,1179,7.48,online,2,IN,12,1857,0,0
445,1169,630.57,gas,8,UK,18,2765,0,0
446,1069,349.98,travel,1,IN,19,216,0,0
447,1014,322.66,gas,1,IN,15,2208,0,0
448,1053,198.73,electronics,12,IN,8,2725,0,0
449,1187,48.75,electronics,14,IN,19,2585,0,0
450,1100,146.07,travel,22,IN,10,174,0,0
451,1007,181.9,grocery,11,UK,7,2974,0,0
452,1052,148.9,online,3,IN,18,2008,0,0
453,1059,60.28,gas,7,IN,16,2094,0,0
454,1107,144.82,electronics,8,IN,6,342,0,0
455,1004,135.13,grocery,22,IN,9,412,0,0
456,1102,1121.83,travel,4,US,13,423,1,1
457,1195,455.45,electronics,23,IN,8,54,0,0
458,1005,124.49,travel,19,IN,16,2263,1,0
459,1108,195.07,gas,17,IN,13,71,0,0
460,1115,275.56,online,10,IN,13,2477,0,0
461,1093,7.1,electronics,14,IN,17,877,0,0
462,1046,450.61,electronics,21,UK,5,1501,1,0
463,1098,393.4,gas,8,IN,17,2877,0,0
464,1054,122.29,grocery,16,IN,9,28,0,0
465,1167,99.24,online,11,IN,2,374,0,0
466,1051,63.75,electronics,6,US,18,2485,0,0
467,1143,129.51,online,9,IN,9,1150,0,0
468,1012,9.08,electronics,9,US,6,589,1,0
469,1113,382.37,online,12,US,11,555,1,0
470,1123,7.21,travel,18,UK,6,1739,0,0
471,1105,79.81,electronics,10,IN,6,2382,1,0
472,1157,536.45,online,12,IN,13,64,0,0
473,1146,265.77,grocery,20,UK,11,787,0,0
474,1144,66.09,travel,7,RU,14,51,0,0
475,1119,58.24,travel,7,UK,2,1330,0,0
476,1062,1.02,grocery,3,IN,8,240,1,0
477,1018,237.96,online,14,IN,3,462,0,0
478,1091,10.0,gas,10,IN,3,2451,0,0
479,1057,152.12,grocery,10,US,1,1555,0,0
480,1182,654.68,online,0,IN,19,1391,0,0
481,1089,23.19,grocery,16,IN,18,1477,0,0
482,1116,449.77,grocery,14,UK,17,1161,1,0
483,1061,952.96,electronics,19,IN,13,2748,1,1
484,1022,12.7,online,5,UK,3,2449,0,0
485,1126,428.96,gas,23,IN,1,1226,0,0
486,1136,145.17,electronics,21,IN,4,2661,0,0
487,1139,473.99,grocery,14,IN,13,890,0,0
488,1128,169.41,grocery,8,US,17,94,0,0
489,1057,217.01,grocery,13,IN,11,1063,0,0
490,1121,156.96,online,17,IN,2,58,0,0
491,1000,399.75,online,16,RU,16,1178,0,1
492,1033,264.78,electronics,17,IN,2,78,0,0
493,1095,147.32,gas,4,IN,19,2754,0,0
494,1125,405.23,electronics,19,IN,19,2536,0,0
495,1117,56.28,travel,19,IN,16,2877,0,0
496,1047,34.24,grocery,8,US,19,1711,1,0
497,1088,34.97,grocery,10,IN,9,1608,0,0
498,1116,81.3,grocery,23,IN,1,2204,1,0
499,1128,54.54,electronics,21,IN,10,1879,0,0
500,1015,532.11,electronics,0,US,19,1025,0,0
501,1188,22.37,grocery,17,IN,1,2666,0,0
502,1191,240.12,electronics,5,IN,2,455,1,0
503,1190,41.95,online,1,IN,16,2278,0,0
504,1068,426.8,online,14,IN,12,1411,0,0
505,1021,650.46,electronics,20,IN,8,2152,0,0
506,1092,125.27,grocery,13,IN,18,271,0,0
507,1194,422.51,electronics,4,UK,2,1858,0,0
508,1075,1.03,electronics,5,IN,13,906,1,0
509,1153,342.9,electronics,5,NG,6,1104,0,0
510,1143,51.92,travel,21,RU,6,2276,0,0
511,1178,478.72,online,17,IN,9,1566,0,0
512,1085,0.22,gas,13,IN,16,101,0,0
513,1184,162.47,gas,9,IN,11,136,0,0
514,1028,282.64,travel,13,US,7,89,0,0
515,1068,59.87,electronics,12,IN,10,1857,0,0
516,1046,42.92,travel,2,IN,10,992,0,0
517,1093,17.57,travel,5,IN,18,925,0,0
518,1189,79.03,grocery,7,UK,9,2543,1,0
519,1196,164.13,online,11,US,15,703,0,0
520,1143,24.62,gas,12,IN,4,34,0,0
521,1175,94.54,electronics,10,US,8,165,0,0
522,1084,1.82,gas,11,IN,9,2689,0,0
523,1038,341.5,gas,0,IN,13,1822,0,0
524,1099,27.5,online,16,UK,9,1563,0,0
525,1032,66.63,gas,15,IN,4,1976,0,0
526,1100,3.72,gas,10,IN,17,1743,1,0
527,1022,113.21,travel,12,IN,16,1090,0,0
528,1009,366.67,online,17,UK,15,1638,0,0
529,1068,99.57,grocery,10,US,3,28,0,0
530,1099,39.57,electronics,11,US,5,1417,0,0
531,1033,280.24,gas,5,US,5,1226,0,0
532,1179,311.0,electronics,8,IN,15,2294,1,0
533,1137,38.17,grocery,15,IN,18,1420,0,0
534,1146,294.68,electronics,3,IN,15,286,0,0
535,1185,588.62,grocery,2,IN,2,754,0,0
536,1095,36.39,travel,15,IN,13,561,0,0
537,1000,294.79,gas,23,NG,4,1186,0,0
538,1068,246.59,grocery,11,IN,10,648,0,0
539,1003,128.33,electronics,10,IN,13,246,0,0
540,1015,11.93,gas,4,IN,10,1007,0,0
541,1023,15.53,travel,17,IN,9,2112,0,0
542,1079,382.67,gas,18,NG,8,2013,1,1
543,1001,924.02,grocery,22,IN,3,1469,0,0
544,1127,225.43,travel,22,IN,16,2741,1,0
545,1159,118.1,electronics,5,US,14,2166,0,0
546,1083,208.58,travel,21,IN,9,1217,0,0
547,1151,180.48,travel,17,IN,11,1401,0,0
548,1139,96.78,online,5,IN,3,2016,0,0
549,1177,13.58,travel,3,IN,5,1231,0,0
550,1162,344.65,travel,11,RU,10,1404,0,0
551,1123,92.99,gas,18,US,13,382,0,0
552,1032,341.61,electronics,1,IN,4,1530,1,0
553,1160,58.21,gas,16,UK,13,2258,0,0
554,1188,0.21,gas,10,IN,12,858,0,0
555,1178,34.62,grocery,10,IN,5,2566,0,0
556,1170,126.43,gas,20,IN,10,1355,1,0
557,1100,577.57,online,15,IN,9,2332,0,0
558,1011,21.56,online,1,IN,7,2268,0,0
559,1066,385.12,grocery,1,US,2,513,0,0
560,1064,149.74,electronics,22,NG,7,712,0,0
561,1160,349.65,electronics,7,IN,8,2099,1,0
562,1167,70.87,gas,12,IN,7,324,0,0
563,1073,366.45,gas,9,IN,14,2845,0,0
564,1042,296.4,gas,7,IN,19,2386,1,0
565,1043,52.29,electronics,3,IN,5,1050,0,0
566,1028,28.16,travel,14,IN,18,292,0,0
567,1140,405.07,online,0,UK,12,267,0,0
568,1011,660.65,travel,10,IN,17,584,0,0
569,1094,6.36,travel,6,IN,13,583,0,0
570,1045,262.81,electronics,16,IN,2,2669,0,0
571,1129,480.54,travel,19,IN,13,1052,0,0
572,1034,389.49,grocery,23,IN,7,1562,0,0
573,1080,667.76,gas,17,US,10,2894,0,0
574,1089,285.5,grocery,21,IN,6,432,1,0
575,1007,116.79,online,21,US,3,1499,0,0
576,1092,74.78,gas,11,IN,3,1406,0,0
577,1153,77.35,travel,8,IN,18,767,0,0
578,1089,257.78,online,4,IN,11,2820,0,0
579,1161,273.96,gas,9,UK,5,1114,0,0
580,1114,44.72,travel,3,IN,19,1584,0,0
581,1104,405.18,grocery,4,US,19,2481,0,0
582,1134,251.0,gas,9,IN,15,438,0,0
583,1195,165.45,travel,10,US,16,2031,0,0
584,1057,127.55,grocery,20,IN,9,213,0,0
585,1113,156.72,online,23,US,4,2253,0,0
586,1074,34.69,online,9,IN,15,2785,1,0
587,1156,45.56,online,7,NG,12,2342,0,0
588,1119,19.12,online,1,IN,3,2002,0,0
589,1163,33.37,electronics,22,IN,14,2253,0,0
590,1020,120.92,gas,7,IN,17,316,1,0
591,1163,151.16,gas,15,UK,19,1697,0,0
592,1137,3.6,electronics,21,IN,6,23,0,0
593,1100,318.71,travel,4,US,4,1870,0,0
594,1151,69.68,travel,2,IN,7,1971,1,0
595,1191,485.71,online,11,IN,19,1090,0,0
596,1176,685.37,grocery,12,IN,17,732,0,0
597,1098,41.03,travel,12,RU,16,789,1,1
598,1035,124.02,grocery,9,US,15,1243,1,0
599,1095,0.25,gas,3,NG,8,538,1,1
600,1151,182.42,grocery,8,IN,19,807,0,0
601,1150,186.95,gas,21,US,8,353,0,0
602,1189,56.88,electronics,23,US,18,1312,0,0
603,1036,163.48,electronics,22,IN,16,218,0,0
604,1011,51.12,online,1,UK,19,650,0,0
605,1112,35.07,travel,18,NG,10,1321,0,0
606,1182,210.83,online,0,UK,17,2309,0,0
607,1012,78.88,gas,6,US,13,2328,0,0
608,1022,178.45,online,16,IN,13,1957,0,0
609,1098,113.57,grocery,2,IN,7,929,0,0
610,1104,831.47,gas,19,RU,10,1733,0,1
611,1029,32.41,electronics,19,IN,2,2054,0,0
612,1016,124.95,travel,20,US,4,428,0,0
613,1112,228.17,gas,2,US,6,1759,0,0
614,1061,100.69,gas,2,US,18,2852,0,0
615,1083,735.39,grocery,16,RU,6,1398,0,0
616,1111,255.95,travel,6,IN,17,1109,0,0
617,1085,214.0,electronics,13,IN,14,2782,1,0
618,1140,282.99,gas,16,IN,11,2490,0,0
619,1186,610.03,gas,17,IN,19,2166,0,0
620,1018,476.8,grocery,12,IN,2,2698,1,0
621,1176,257.68,online,19,IN,3,1555,0,0
622,1099,276.59,electronics,19,UK,11,1080,1,0
623,1139,31.55,travel,20,NG,6,2436,1,1
624,1188,21.69,gas,17,IN,14,1860,0,0
625,1146,169.22,gas,3,IN,19,1129,1,1
626,1075,3.71,electronics,0,NG,16,967,0,1
627,1008,131.69,online,17,IN,7,112,0,0
628,1198,47.23,gas,0,IN,8,2949,0,0
629,1027,84.93,electronics,12,IN,19,2911,0,0
630,1127,299.05,grocery,19,IN,16,1179,1,0
631,1051,566.85,online,19,IN,7,1913,0,0
632,1082,15.03,travel,22,RU,9,1765,0,0
633,1110,152.82,gas,9,IN,13,2587,0,0
634,1143,428.32,electronics,10,IN,1,688,0,0
635,1116,17.22,grocery,8,IN,8,1978,0,0
636,1068,348.04,travel,8,IN,4,998,0,0
637,1098,88.57,electronics,4,US,3,1115,1,0
638,1139,77.75,electronics,0,US,3,2485,0,0
639,1024,758.55,travel,16,US,13,1617,1,0
640,1179,44.84,grocery,21,IN,8,2879,0,0
641,1122,236.31,grocery,1,NG,7,1512,0,1
642,1052,344.57,online,23,UK,1,1799,0,0
643,1150,8.41,gas,12,US,16,1195,0,0
644,1143,221.97,travel,8,IN,6,941,0,0
645,1056,605.44,travel,3,IN,7,1435,1,0
646,1038,26.53,travel,4,IN,12,1071,0,0
647,1108,453.1,grocery,10,US,9,1988,1,0
648,1180,180.66,gas,23,IN,11,2568,0,0
649,1041,191.74,online,18,IN,10,2450,0,0
650,1185,189.84,electronics,20,UK,1,2052,0,0
651,1166,71.0,electronics,2,UK,18,2770,1,1
652,1141,547.3,travel,11,NG,4,2551,0,0
653,1121,588.82,gas,18,IN,5,1288,1,0
654,1132,196.33,grocery,18,US,9,1212,1,0
655,1162,305.96,gas,12,IN,17,2604,0,0
656,1074,189.48,gas,6,IN,3,603,0,0
657,1145,132.48,grocery,14,IN,16,2446,0,0
658,1075,216.24,travel,22,IN,5,1431,0,0
659,1008,161.04,gas,6,IN,16,2215,0,0
660,1073,182.0,electronics,7,UK,3,1037,0,0
661,1185,306.34,grocery,4,IN,15,2224,0,0
662,1144,131.13,online,20,US,3,969,0,0
663,1006,8.32,travel,13,IN,14,2466,0,0
664,1173,35.83,grocery,3,IN,16,2251,0,0
665,1140,115.47,online,22,IN,17,2292,0,0
666,1167,258.07,online,9,IN,18,2775,0,0
667,1169,179.93,gas,19,IN,18,1183,0,0
668,1136,210.13,gas,14,IN,14,825,1,0
669,1177,130.51,gas,17,IN,18,413,0,0
670,1026,191.29,grocery,19,IN,15,902,0,0
671,1121,79.8,grocery,12,IN,15,2735,0,0
672,1193,127.04,travel,7,NG,6,77,0,0
673,1004,272.73,gas,8,IN,15,97,0,0
674,1028,410.88,online,15,US,18,2274,1,0
675,1164,113.71,electronics,18,US,4,2058,0,0
676,1165,8.93,travel,15,NG,8,1168,0,0
677,1082,35.27,grocery,6,UK,15,1730,0,0
678,1135,4.22,travel,13,IN,3,1384,0,0
679,1108,211.84,travel,13,US,15,2197,0,0
680,1064,80.79,travel,3,UK,13,2675,0,0
681,1085,156.39,travel,14,IN,9,2190,0,0
682,1144,135.96,electronics,2,IN,2,1653,0,0
683,1070,17.01,gas,4,IN,8,187,0,0
684,1044,103.26,online,0,UK,17,2867,0,0
685,1131,49.84,travel,2,UK,13,1391,1,0
686,1035,108.39,travel,14,IN,1,2437,0,0
687,1069,45.53,travel,23,IN,2,917,0,0
688,1158,367.08,gas,7,IN,15,2715,0,0
689,1018,38.28,grocery,3,IN,12,2507,0,0
690,1188,647.72,grocery,1,RU,14,595,0,1
691,1107,107.54,electronics,23,IN,2,2520,0,0
692,1181,374.48,grocery,23,IN,18,999,0,0
693,1166,198.18,travel,9,IN,7,1141,0,0
694,1090,265.87,travel,3,US,6,2179,0,0
695,1089,291.97,travel,2,IN,14,2074,0,0
696,1018,140.58,electronics,1,US,8,1229,0,0
697,1038,156.75,travel,16,IN,2,2384,0,0
698,1125,144.31,grocery,22,IN,17,327,0,0
699,1194,177.37,gas,20,IN,5,2866,0,0
700,1172,5.97,gas,23,IN,14,1512,0,0
701,1140,100.68,online,19,IN,3,2044,0,0
702,1125,186.38,grocery,22,NG,5,2052,1,1
703,1057,182.12,travel,12,UK,16,512,0,0
704,1147,314.96,gas,4,RU,18,2032,0,1
705,1199,212.85,grocery,20,IN,17,128,0,0
706,1060,969.02,gas,8,RU,11,719,1,1
707,1126,66.77,travel,21,IN,17,54,0,0
708,1104,88.99,gas,5,IN,16,323,0,0
709,1166,96.85,online,4,IN,2,427,0,0
710,1000,125.4,online,9,IN,4,2613,0,0
711,1130,361.58,gas,7,US,7,1111,0,0
712,1091,53.78,grocery,6,IN,2,335,0,0
713,1189,299.22,grocery,6,IN,6,1449,1,0
714,1190,103.94,grocery,5,US,17,1996,1,0
715,1112,184.19,gas,20,IN,7,2572,0,0
716,1152,200.23,grocery,19,IN,5,2271,0,0
717,1055,93.31,travel,2,IN,5,83,1,0
718,1160,143.74,online,18,UK,16,1612,0,0
719,1165,106.56,travel,21,UK,19,518,0,0
720,1116,14.33,grocery,14,IN,9,2389,0,0
721,1133,114.95,travel,3,IN,5,697,0,0
722,1057,20.49,grocery,11,IN,8,666,0,0
723,1043,103.85,gas,5,UK,9,1552,0,0
724,1172,179.75,travel,18,IN,5,1302,0,0
725,1159,173.22,gas,3,IN,10,1409,0,0
726,1172,217.31,gas,14,IN,2,2657,0,0
727,1060,20.02,electronics,8,IN,9,1562,0,0
728,1046,211.18,grocery,4,IN,11,1085,1,0
729,1148,74.84,online,12,UK,4,334,0,0
730,1079,101.85,grocery,22,IN,2,1001,0,0
731,1117,390.37,online,17,IN,6,2003,1,0
732,1163,1.81,grocery,4,UK,14,726,1,0
733,1146,177.55,gas,15,UK,1,2780,0,0
734,1019,182.62,travel,18,IN,18,286,0,0
735,1184,101.05,travel,13,IN,7,2593,0,0
736,1145,54.11,electronics,15,IN,1,161,1,0
737,1046,53.49,online,14,NG,1,964,1,1
738,1048,430.33,online,21,IN,1,1516,1,0
739,1013,116.69,online,3,NG,4,268,0,1
740,1142,80.36,gas,6,US,4,2381,0,0
741,1158,119.12,online,15,IN,18,878,0,0
742,1000,221.36,travel,23,IN,11,1201,0,0
743,1116,31.51,gas,21,IN,1,697,0,0
744,1053,119.36,grocery,20,IN,10,319,0,0
745,1117,177.29,online,21,IN,9,2860,0,0
746,1002,593.56,online,20,US,4,1512,0,0
747,1143,58.21,grocery,7,RU,6,2677,0,0
748,1184,89.02,online,16,IN,16,482,0,0
749,1011,95.4,grocery,15,US,2,2518,0,0
750,1073,186.05,gas,22,IN,18,823,0,0
751,1015,88.24,travel,9,IN,10,855,0,0
752,1199,152.5,grocery,9,IN,17,1174,0,0
753,1101,304.46,electronics,1,US,13,676,1,0
754,1151,244.42,grocery,8,NG,18,2319,0,1
755,1155,118.25,online,16,US,13,1818,0,0
756,1116,399.34,gas,10,IN,17,1453,0,0
757,1007,163.35,gas,9,IN,5,1777,0,0
758,1121,155.26,grocery,21,IN,11,1274,1,0
759,1091,6.96,travel,16,IN,7,364,0,0
760,1163,863.89,electronics,3,UK,10,1882,1,1
761,1089,26.24,gas,15,UK,17,2034,0,0
762,1135,52.57,online,19,US,15,2827,1,0
763,1185,10.62,online,14,IN,18,189,0,0
764,1059,204.33,travel,20,IN,19,75,1,0
765,1177,50.9,gas,4,IN,2,829,0,0
766,1027,39.69,grocery,5,IN,4,1381,0,0
767,1100,18.54,online,16,IN,3,180,0,0
768,1040,21.81,travel,0,US,7,2531,1,0
769,1191,175.74,gas,18,US,18,2591,0,0
770,1154,233.08,gas,3,IN,10,1400,0,0
771,1190,101.29,gas,16,IN,7,1140,1,0
772,1144,130.75,gas,8,IN,8,2496,0,0
773,1160,231.65,gas,23,IN,6,844,0,0
774,1156,3.51,online,1,UK,1,236,0,0
775,1140,78.06,travel,7,IN,4,451,0,0
776,1045,723.11,gas,14,IN,14,2453,1,0
777,1034,173.55,electronics,6,IN,17,737,0,0
778,1133,58.67,electronics,5,UK,18,1614,0,0
779,1081,147.52,travel,0,IN,11,2141,1,0
780,1114,83.91,grocery,14,IN,14,1046,0,0
781,1196,151.96,grocery,22,IN,9,1842,0,0
782,1046,26.88,grocery,6,US,15,1858,0,0
783,1152,28.48,electronics,16,RU,12,2750,0,0
784,1193,30.99,grocery,1,IN,10,502,0,0
785,1009,562.08,online,8,UK,19,1558,1,0
786,1055,264.03,gas,8,NG,19,1153,0,1
787,1029,35.44,electronics,12,NG,6,979,0,0
788,1108,41.74,travel,5,US,6,2410,0,0
789,1004,262.48,travel,5,US,8,2097,0,0
790,1118,33.96,gas,19,IN,1,649,1,0
791,1032,53.46,electronics,19,US,17,182,1,0
792,1117,661.25,grocery,20,IN,17,1580,0,0
793,1064,58.96,grocery,2,US,15,268,0,0
794,1145,216.72,online,16,IN,7,526,0,0
795,1176,769.17,online,16,US,19,2787,0,0
796,1010,93.78,grocery,11,UK,3,532,0,0
797,1084,3.53,travel,15,IN,11,1927,0,0
798,1025,55.98,travel,14,UK,19,2896,0,0
799,1062,355.43,online,12,IN,9,2174,0,0
800,1085,399.92,gas,22,UK,10,2241,0,0
801,1058,292.65,grocery,0,IN,2,1939,0,0
802,1026,24.01,online,16,IN,1,1149,0,0
803,1176,317.45,online,2,NG,16,2219,0,1
804,1160,501.87,grocery,14,IN,18,2600,0,0
805,1097,183.56,grocery,3,UK,17,848,1,1
806,1104,565.62,travel,3,IN,6,1099,0,0
807,1098,350.71,gas,17,IN,14,1103,0,0
808,1128,219.91,gas,16,IN,15,2504,0,0
809,1148,172.16,grocery,18,IN,14,2473,1,0
810,1054,85.72,electronics,10,IN,3,2589,1,0
811,1005,34.7,online,19,IN,19,2498,0,0
812,1196,185.75,online,2,IN,12,2795,0,0
813,1094,76.58,grocery,7,IN,2,1979,1,0
814,1132,402.64,electronics,13,RU,3,2521,0,0
815,1101,1002.24,travel,0,RU,18,2453,0,1
816,1002,279.21,grocery,13,IN,1,2768,0,0
817,1180,18.97,grocery,1,US,6,1584,0,0
818,1022,68.13,online,22,IN,5,1590,0,0
819,1052,23.11,grocery,3,US,1,2452,0,0
820,1164,210.26,grocery,23,UK,19,2383,0,0
821,1082,289.8,grocery,18,NG,1,1124,1,1
822,1144,519.86,online,5,IN,16,759,0,0
823,1084,115.31,travel,0,US,12,1103,1,0
824,1077,463.29,travel,16,IN,8,1199,0,0
825,1109,420.57,grocery,7,RU,16,2699,0,1
826,1000,76.31,online,18,IN,1,2271,0,0
827,1050,406.36,travel,20,US,4,1885,1,0
828,1172,94.22,travel,0,US,10,1797,0,0
829,1003,70.44,travel,4,US,11,2426,0,0
830,1189,209.44,online,15,IN,17,1617,1,0
831,1192,79.61,online,5,NG,7,58,0,0
832,1112,198.96,grocery,7,IN,12,1085,1,0
833,1031,188.24,gas,12,US,7,1322,0,0
834,1033,165.77,travel,15,IN,12,1659,1,0
835,1091,95.74,gas,2,IN,15,2190,0,0
836,1094,159.04,online,18,IN,2,2843,0,0
837,1071,181.51,online,11,IN,14,1199,0,0
838,1038,157.79,online,15,IN,13,1407,0,0
839,1153,117.55,gas,10,IN,4,2430,0,0
840,1161,2.96,online,9,IN,14,1838,0,0
841,1181,176.89,grocery,19,US,14,488,0,0
842,1117,36.89,online,3,UK,16,841,0,0
843,1002,205.77,electronics,11,IN,7,2707,0,0
844,1122,284.88,gas,22,IN,19,1624,0,0
845,1049,138.81,electronics,1,IN,2,691,1,0
846,1011,156.34,online,23,IN,10,2745,0,0
847,1192,605.15,grocery,21,US,18,1333,0,0
848,1053,375.68,travel,18,US,17,91,0,0
849,1132,491.23,online,4,IN,5,96,0,0
850,1056,336.15,grocery,7,IN,12,2282,0,0
851,1144,23.06,gas,6,IN,6,2073,0,0
852,1111,32.27,electronics,13,UK,9,831,0,0
853,1046,149.57,electronics,23,RU,1,172,1,1
854,1150,56.49,electronics,22,IN,15,2571,0,0
855,1084,129.52,gas,2,IN,6,2407,0,0
856,1141,100.3,grocery,17,UK,19,1942,0,0
857,1065,159.44,gas,15,NG,18,2738,0,1
858,1074,274.77,electronics,22,IN,6,1860,0,0
859,1178,251.4,online,18,IN,13,1870,0,0
860,1102,147.31,travel,18,IN,1,1125,0,0
861,1165,345.64,gas,17,IN,13,2238,0,0
862,1191,112.73,gas,19,IN,7,2800,0,0
863,1037,454.05,grocery,15,IN,15,2717,0,0
864,1049,14.79,grocery,7,IN,12,1892,1,0
865,1097,618.71,gas,0,IN,1,2550,0,0
866,1081,212.66,electronics,16,US,15,932,1,0
867,1029,95.63,travel,11,IN,4,2185,1,0
868,1078,43.92,grocery,20,IN,13,1459,0,0
869,1090,130.47,electronics,10,IN,5,1592,0,0
870,1178,43.27,online,4,IN,2,574,0,0
871,1190,36.38,grocery,11,RU,1,2607,1,1
872,1051,192.13,electronics,16,IN,16,2510,0,0
873,1165,148.08,electronics,5,IN,6,480,0,0
874,1078,221.79,travel,0,US,16,997,0,0
875,1029,530.73,travel,4,IN,14,2795,1,0
876,1105,151.97,online,13,NG,3,1944,0,0
877,1050,173.94,electronics,4,IN,15,233,1,0
878,1080,18.78,electronics,21,IN,3,2211,0,0
879,1132,252.91,travel,23,IN,2,2617,0,0
880,1028,102.13,grocery,0,IN,1,360,0,0
881,1131,752.08,grocery,17,UK,9,1938,0,0
882,1137,346.52,gas,15,UK,9,358,0,0
883,1183,147.83,travel,8,IN,7,191,0,0
884,1144,26.3,gas,18,IN,3,646,1,0
885,1073,392.39,travel,21,UK,18,1027,0,0
886,1016,321.67,online,4,NG,11,2236,1,1
887,1083,40.81,electronics,1,IN,7,781,0,0
888,1068,69.99,online,14,IN,9,2951,1,0
889,1033,315.4,travel,6,IN,1,1025,0,0
890,1005,40.97,electronics,3,UK,14,2121,1,0
891,1052,499.6,grocery,0,IN,6,38,1,0
892,1193,110.51,grocery,12,IN,7,2429,0,0
893,1125,18.21,gas,19,US,10,2154,0,0
894,1042,338.29,travel,21,IN,7,1903,0,0
895,1114,93.52,travel,6,IN,2,1475,0,0
896,1110,149.52,grocery,14,IN,4,1236,1,0
897,1150,23.83,online,22,IN,17,2078,0,0
898,1182,0.52,electronics,13,IN,1,2792,0,0
899,1079,203.21,online,22,IN,10,1135,0,0
900,1094,144.79,online,18,IN,19,75,1,0
901,1117,180.05,grocery,21,IN,15,2660,1,0
902,1143,315.73,grocery,23,UK,10,1144,0,0
903,1007,208.03,grocery,19,US,19,347,0,0
904,1131,38.42,gas,23,IN,12,2180,0,0
905,1103,89.5,online,17,IN,16,1738,0,0
906,1131,472.66,travel,9,IN,9,456,0,0
907,1183,293.89,electronics,8,IN,15,2668,0,0
908,1024,162.67,gas,7,IN,17,2728,0,0
909,1194,59.05,travel,9,US,14,2672,0,0
910,1095,71.92,online,16,IN,18,2954,0,0
911,1194,263.32,grocery,1,IN,2,290,0,0
912,1154,381.0,online,5,IN,4,605,0,0
913,1092,222.6,electronics,4,US,18,1996,0,0
914,1159,331.65,gas,8,IN,7,2760,0,0
915,1177,291.05,gas,4,US,13,1084,0,0
916,1060,32.43,electronics,17,IN,15,219,0,0
917,1121,110.31,travel,19,UK,1,135,0,0
918,1050,33.21,travel,8,UK,11,501,1,0
919,1146,53.64,gas,16,IN,10,979,0,0
920,1020,406.91,gas,16,IN,5,590,0,0
921,1004,128.07,grocery,11,IN,16,2834,0,0
922,1091,153.3,travel,6,IN,11,2315,0,0
923,1169,39.31,electronics,2,US,6,1221,0,0
924,1060,74.87,travel,9,UK,9,239,0,0
925,1021,52.34,grocery,1,US,13,198,0,0
926,1148,46.18,gas,2,UK,8,2067,0,0
927,1069,203.2,gas,15,IN,14,2733,0,0
928,1000,59.38,grocery,1,IN,1,511,0,0
929,1132,199.94,electronics,23,US,17,2142,0,0
930,1011,12.05,gas,9,IN,5,58,0,0
931,1089,30.58,online,5,US,2,2895,0,0
932,1045,64.19,gas,21,IN,9,698,1,0
933,1033,181.79,online,10,IN,4,396,0,0
934,1176,225.3,grocery,22,RU,17,979,0,1
935,1077,116.94,grocery,6,IN,17,1015,1,0
936,1044,118.04,gas,14,RU,18,2275,0,1
937,1154,257.85,travel,5,RU,16,1734,0,1
938,1072,3.19,online,19,US,8,2014,0,0
939,1025,83.43,electronics,8,US,11,2312,1,0
940,1046,341.53,gas,21,IN,18,2293,1,0
941,1120,184.87,electronics,19,UK,10,1617,0,0
942,1055,82.26,gas,11,IN,13,1799,0,0
943,1093,471.88,travel,18,IN,17,280,0,0
944,1106,296.23,travel,19,US,18,132,0,0
945,1062,61.55,travel,2,IN,10,2713,0,0
946,1047,207.29,travel,14,IN,16,1290,0,0
947,1060,181.14,grocery,1,IN,5,1454,0,0
948,1080,102.56,grocery,20,IN,13,268,0,0
949,1025,91.44,online,1,UK,18,957,0,0
950,1035,84.18,electronics,21,IN,17,2104,0,0
951,1000,192.03,gas,2,NG,9,872,0,1
952,1007,116.83,gas,5,US,14,534,1,0
953,1112,356.6,grocery,14,UK,17,897,0,0
954,1098,221.49,gas,9,IN,4,217,0,0
955,1179,14.5,grocery,8,US,18,2804,0,0
956,1046,204.42,online,0,IN,15,158,0,0
957,1126,63.26,electronics,15,UK,11,447,1,0
958,1055,179.7,online,5,IN,12,2212,0,0
959,1013,227.97,travel,8,UK,9,1731,0,0
960,1027,52.49,travel,3,RU,13,367,0,1
961,1077,122.08,travel,1,IN,15,1250,0,0
962,1129,42.22,online,3,IN,15,1940,1,0
963,1108,10.75,gas,0,US,5,465,0,0
964,1153,95.12,electronics,18,IN,19,2833,0,0
965,1013,90.18,travel,9,UK,14,1642,0,0
966,1186,1079.87,travel,20,IN,17,638,0,1
967,1055,118.25,travel,14,IN,18,2889,1,0
968,1114,81.16,electronics,21,RU,3,495,0,0
969,1006,173.73,travel,18,US,2,2590,1,0
970,1002,18.59,electronics,15,UK,1,209,0,0
971,1110,652.28,travel,20,IN,10,380,0,0
972,1150,201.55,online,23,US,19,1023,0,0
973,1106,281.17,online,21,IN,17,1992,0,0
974,1017,37.38,electronics,3,US,12,2910,0,0
975,1037,105.35,online,1,US,1,1481,0,0
976,1114,109.87,electronics,12,IN,12,257,0,0
977,1014,344.98,online,0,IN,17,797,0,0
978,1191,0.25,online,16,IN,3,2321,0,0
979,1118,71.58,electronics,12,US,11,2088,0,0
980,1027,795.17,gas,3,IN,17,1531,0,0
981,1038,128.83,online,6,US,3,1282,0,0
982,1184,96.42,travel,16,IN,8,614,0,0
983,1016,25.53,gas,8,US,4,1699,1,0
984,1085,731.2,electronics,3,US,7,1427,0,0
985,1125,4.05,gas,18,IN,14,1830,1,0
986,1043,267.26,grocery,0,IN,14,511,0,0
987,1024,292.72,grocery,9,IN,4,2943,0,0
988,1144,55.85,online,3,US,16,558,0,0
989,1012,222.68,online,8,UK,1,1375,0,0
990,1024,19.51,travel,12,IN,17,848,0,0
991,1067,59.42,gas,13,US,10,1440,0,0
992,1137,310.14,grocery,9,IN,16,1458,0,0
993,1066,400.03,online,5,IN,16,857,0,0
994,1108,187.55,gas,15,NG,8,623,0,0
995,1145,141.38,online,5,IN,7,421,1,0
996,1110,34.71,online,16,IN,6,2489,0,0
997,1110,13.04,grocery,9,IN,16,687,0,0
998,1033,25.03,grocery,17,IN,16,168,0,0
999,1110,51.59,online,21,IN,7,2071,0,0
1000,1007,83.61,electronics,17,IN,9,382,0,0
